fpr,tpr
0.0,0.0
0.0,0.0007037297677691766
0.0,0.011259676284306826
0.0,0.012667135819845179
0.0,0.0992258972554539
0.0,0.10063335679099226
0.0,0.11259676284306826
0.0,0.11400422237860662
0.0,0.34412385643912735
0.0,0.34553131597466574
0.0,0.4954257565095003
0.00019630938358853554,0.4954257565095003
0.00019630938358853554,0.6382828993666432
0.00039261876717707107,0.6382828993666432
0.00039261876717707107,0.6509500351864884
0.0005889281507656066,0.6509500351864884
0.0005889281507656066,0.6664320900774102
0.0007852375343541421,0.6664320900774102
0.0007852375343541421,0.6769880365939479
0.0009815469179426776,0.6769880365939479
0.0009815469179426776,0.6783954961294862
0.001177856301531213,0.6783954961294862
0.001177856301531213,0.6833216045038705
0.0015704750687082843,0.6833216045038705
0.0015704750687082843,0.6896551724137931
0.0017667844522968198,0.6896551724137931
0.0017667844522968198,0.6924700914848698
0.0019630938358853552,0.6924700914848698
0.0019630938358853552,0.6945812807881774
0.0021594032194738907,0.6945812807881774
0.0021594032194738907,0.6959887403237157
0.002552021986650962,0.6959887403237157
0.002552021986650962,0.6966924700914848
0.0027483313702394976,0.6966924700914848
0.0027483313702394976,0.6988036593947924
0.002944640753828033,0.6988036593947924
0.002944640753828033,0.7016185784658691
0.0031409501374165686,0.7016185784658691
0.0031409501374165686,0.705137227304715
0.003337259521005104,0.705137227304715
0.003337259521005104,0.7058409570724842
0.0035335689045936395,0.7058409570724842
0.0035335689045936395,0.7065446868402533
0.003729878288182175,0.7065446868402533
0.003729878288182175,0.7072484166080225
0.0043188064389477815,0.7072484166080225
0.0043188064389477815,0.7086558761435608
0.004515115822536317,0.7086558761435608
0.004515115822536317,0.7100633356790992
0.005104043973301924,0.7100633356790992
0.005104043973301924,0.7142857142857143
0.005692972124067531,0.7142857142857143
0.005692972124067531,0.7149894440534834
0.006281900274833137,0.7149894440534834
0.006281900274833137,0.7163969035890219
0.006870828425598744,0.7163969035890219
0.006870828425598744,0.7185080928923293
0.0076560659599528855,0.7185080928923293
0.0076560659599528855,0.7199155524278676
0.008441303494307028,0.7199155524278676
0.008441303494307028,0.7206192821956369
0.008637612877895563,0.7206192821956369
0.008637612877895563,0.7213230119634061
0.009619159795838241,0.7213230119634061
0.009619159795838241,0.7234342012667135
0.009815469179426776,0.7234342012667135
0.009815469179426776,0.7255453905700211
0.010208087946603848,0.7255453905700211
0.010208087946603848,0.7262491203377903
0.010404397330192383,0.7262491203377903
0.010404397330192383,0.7269528501055594
0.01060070671378092,0.7269528501055594
0.01060070671378092,0.7276565798733287
0.010797016097369454,0.7276565798733287
0.010797016097369454,0.7283603096410978
0.011582253631723596,0.7283603096410978
0.011582253631723596,0.7297677691766362
0.011974872398900667,0.7297677691766362
0.011974872398900667,0.7304714989444053
0.012171181782489203,0.7304714989444053
0.012171181782489203,0.7318789584799437
0.012563800549666274,0.7318789584799437
0.012563800549666274,0.733286418015482
0.012956419316843345,0.733286418015482
0.012956419316843345,0.7339901477832512
0.013349038084020416,0.7339901477832512
0.013349038084020416,0.7346938775510204
0.013545347467608953,0.7346938775510204
0.013545347467608953,0.7361013370865588
0.014526894385551629,0.7361013370865588
0.014526894385551629,0.7375087966220971
0.014723203769140165,0.7375087966220971
0.014723203769140165,0.7382125263898663
0.015312131919905771,0.7382125263898663
0.015312131919905771,0.7396199859254047
0.015508441303494307,0.7396199859254047
0.015508441303494307,0.7403237156931738
0.01668629760502552,0.7403237156931738
0.01668629760502552,0.741027445460943
0.017275225755791126,0.741027445460943
0.017275225755791126,0.7438423645320197
0.0176678445229682,0.7438423645320197
0.0176678445229682,0.7445460942997889
0.018060463290145268,0.7445460942997889
0.018060463290145268,0.7459535538353272
0.018649391440910875,0.7459535538353272
0.018649391440910875,0.7466572836030964
0.01884570082449941,0.7466572836030964
0.01884570082449941,0.7473610133708656
0.019238319591676482,0.7473610133708656
0.019238319591676482,0.7487684729064039
0.01963093835885355,0.7487684729064039
0.01963093835885355,0.7501759324419423
0.020023557126030624,0.7501759324419423
0.020023557126030624,0.7508796622097115
0.0210051040439733,0.7508796622097115
0.0210051040439733,0.752990851513019
0.021790341578327443,0.752990851513019
0.021790341578327443,0.7543983110485574
0.022182960345504515,0.7543983110485574
0.022182960345504515,0.7551020408163265
0.02237926972909305,0.7551020408163265
0.02237926972909305,0.7565095003518649
0.022575579112681585,0.7565095003518649
0.022575579112681585,0.757213230119634
0.022771888496270123,0.757213230119634
0.022771888496270123,0.7579169598874033
0.02453867294856694,0.7579169598874033
0.02453867294856694,0.7586206896551724
0.02512760109933255,0.7586206896551724
0.02512760109933255,0.7600281491907108
0.025520219866509618,0.7600281491907108
0.025520219866509618,0.7607318789584799
0.02630545740086376,0.7607318789584799
0.02630545740086376,0.7621393384940183
0.030035335689045935,0.7621393384940183
0.030035335689045935,0.7628430682617875
0.030231645072634473,0.7628430682617875
0.030231645072634473,0.7635467980295566
0.03082057322340008,0.7635467980295566
0.03082057322340008,0.7642505277973258
0.031409501374165684,0.7642505277973258
0.031409501374165684,0.764954257565095
0.03337259521005104,0.764954257565095
0.03337259521005104,0.7663617171006334
0.03396152336081665,0.7663617171006334
0.03396152336081665,0.7677691766361717
0.03435414212799372,0.7677691766361717
0.03435414212799372,0.7691766361717101
0.03455045151158225,0.7691766361717101
0.03455045151158225,0.7698803659394793
0.034746760895170786,0.7698803659394793
0.034746760895170786,0.7705840957072484
0.03513937966234786,0.7705840957072484
0.03513937966234786,0.7719915552427867
0.0353356890459364,0.7719915552427867
0.0353356890459364,0.7733990147783252
0.03631723596387907,0.7733990147783252
0.03631723596387907,0.7748064743138635
0.036709854731056146,0.7748064743138635
0.036709854731056146,0.7755102040816326
0.03690616411464468,0.7755102040816326
0.03690616411464468,0.7762139338494018
0.037495092265410285,0.7762139338494018
0.037495092265410285,0.7776213933849402
0.038476639183352965,0.7776213933849402
0.038476639183352965,0.7783251231527094
0.0386729485669415,0.7783251231527094
0.0386729485669415,0.7790288529204785
0.03965449548488418,0.7790288529204785
0.03965449548488418,0.7804363124560169
0.039850804868472714,0.7804363124560169
0.039850804868472714,0.7811400422237861
0.04161758932076953,0.7811400422237861
0.04161758932076953,0.7825475017593244
0.04240282685512368,0.7825475017593244
0.04240282685512368,0.7832512315270936
0.04259913623871221,0.7832512315270936
0.04259913623871221,0.784658691062632
0.04299175500588928,0.784658691062632
0.04299175500588928,0.7853624208304011
0.04338437377306635,0.7853624208304011
0.04338437377306635,0.7860661505981703
0.044169611307420496,0.7860661505981703
0.044169611307420496,0.7874736101337086
0.04515115822536317,0.7874736101337086
0.04515115822536317,0.7881773399014779
0.04534746760895171,0.7881773399014779
0.04534746760895171,0.788881069669247
0.04574008637612878,0.788881069669247
0.04574008637612878,0.7895847994370162
0.04613270514330585,0.7895847994370162
0.04613270514330585,0.7902885292047853
0.046917942677659995,0.7902885292047853
0.046917942677659995,0.7909922589725545
0.04711425206124853,0.7909922589725545
0.04711425206124853,0.7916959887403238
0.04770318021201413,0.7916959887403238
0.04770318021201413,0.7923997185080929
0.0480957989791912,0.7923997185080929
0.0480957989791912,0.7938071780436312
0.04848841774636828,0.7938071780436312
0.04848841774636828,0.7945109078114004
0.04868472712995681,0.7945109078114004
0.04868472712995681,0.7952146375791695
0.04946996466431095,0.7952146375791695
0.04946996466431095,0.7959183673469388
0.05123674911660778,0.7959183673469388
0.05123674911660778,0.796622097114708
0.05261091480172752,0.796622097114708
0.05261091480172752,0.7973258268824771
0.05319984295249313,0.7973258268824771
0.05319984295249313,0.7980295566502463
0.0535924617196702,0.7980295566502463
0.0535924617196702,0.7987332864180154
0.05594817432273263,0.7987332864180154
0.05594817432273263,0.7994370161857847
0.05673341185708677,0.7994370161857847
0.05673341185708677,0.8001407459535539
0.05712603062426384,0.8001407459535539
0.05712603062426384,0.800844475721323
0.05869650569297213,0.800844475721323
0.05869650569297213,0.8015482054890922
0.059089124460149196,0.8015482054890922
0.059089124460149196,0.8022519352568613
0.059481743227326266,0.8022519352568613
0.059481743227326266,0.8029556650246306
0.0596780526109148,0.8029556650246306
0.0596780526109148,0.8036593947923997
0.06007067137809187,0.8036593947923997
0.06007067137809187,0.8057705840957072
0.06164114644680016,0.8057705840957072
0.06164114644680016,0.8064743138634765
0.06203376521397723,0.8064743138634765
0.06203376521397723,0.8071780436312456
0.06281900274833137,0.8071780436312456
0.06281900274833137,0.8085855031667839
0.06301531213191991,0.8085855031667839
0.06301531213191991,0.8092892329345531
0.06458578720062819,0.8092892329345531
0.06458578720062819,0.8099929627023223
0.06478209658421673,0.8099929627023223
0.06478209658421673,0.8106966924700915
0.0651747153513938,0.8106966924700915
0.0651747153513938,0.8114004222378607
0.066352571652925,0.8114004222378607
0.066352571652925,0.8121041520056298
0.06674519042010207,0.8121041520056298
0.06674519042010207,0.812807881773399
0.06713780918727916,0.812807881773399
0.06713780918727916,0.8135116115411682
0.06772673733804475,0.8135116115411682
0.06772673733804475,0.8142153413089374
0.06870828425598743,0.8142153413089374
0.06870828425598743,0.8149190710767066
0.06890459363957598,0.8149190710767066
0.06890459363957598,0.8156228008444757
0.07106399685904986,0.8156228008444757
0.07106399685904986,0.8163265306122449
0.07165292500981547,0.8163265306122449
0.07165292500981547,0.817030260380014
0.071849234393404,0.817030260380014
0.071849234393404,0.8177339901477833
0.07283078131134668,0.8177339901477833
0.07283078131134668,0.8184377199155525
0.0745975657636435,0.8184377199155525
0.0745975657636435,0.8191414496833216
0.07538280329799764,0.8191414496833216
0.07538280329799764,0.8198451794510908
0.07557911268158618,0.8198451794510908
0.07557911268158618,0.8205489092188599
0.07597173144876325,0.8205489092188599
0.07597173144876325,0.8212526389866291
0.07636435021594032,0.8212526389866291
0.07636435021594032,0.8226600985221675
0.07656065959952886,0.8226600985221675
0.07656065959952886,0.8233638282899367
0.07695327836670593,0.8233638282899367
0.07695327836670593,0.8240675580577058
0.07754220651747154,0.8240675580577058
0.07754220651747154,0.824771287825475
0.07891637220259129,0.824771287825475
0.07891637220259129,0.8254750175932442
0.07911268158617982,0.8254750175932442
0.07911268158617982,0.8261787473610134
0.07950530035335689,0.8261787473610134
0.07950530035335689,0.8268824771287826
0.07970160973694543,0.8268824771287826
0.07970160973694543,0.8275862068965517
0.07989791912053396,0.8275862068965517
0.08029053788771104,0.8275862068965517
0.08048684727129957,0.8275862068965517
0.08048684727129957,0.8282899366643209
0.08068315665488811,0.8282899366643209
0.08068315665488811,0.8296973961998593
0.08087946603847664,0.8296973961998593
0.08087946603847664,0.8304011259676284
0.0834314880251276,0.8304011259676284
0.0834314880251276,0.8311048557353976
0.08421672555948174,0.8311048557353976
0.08421672555948174,0.8318085855031668
0.08578720062819002,0.8318085855031668
0.08578720062819002,0.8325123152709359
0.0867687475461327,0.8325123152709359
0.0867687475461327,0.8339197748064743
0.08735767569689831,0.8339197748064743
0.08735767569689831,0.8346235045742435
0.08775029446407538,0.8346235045742435
0.08775029446407538,0.8353272343420126
0.09148017275225756,0.8353272343420126
0.09148017275225756,0.8360309641097818
0.09167648213584609,0.8360309641097818
0.09167648213584609,0.8367346938775511
0.09246171967020024,0.8367346938775511
0.09246171967020024,0.8374384236453202
0.09265802905378877,0.8374384236453202
0.09265802905378877,0.8381421534130894
0.09305064782096584,0.8381421534130894
0.09305064782096584,0.8388458831808585
0.09324695720455438,0.8388458831808585
0.09324695720455438,0.840253342716397
0.09403219473890852,0.840253342716397
0.09403219473890852,0.8409570724841661
0.0950137416568512,0.8409570724841661
0.0950137416568512,0.8416608022519353
0.09560266980761681,0.8416608022519353
0.09560266980761681,0.8423645320197044
0.09678052610914802,0.8423645320197044
0.09678052610914802,0.8430682617874736
0.09717314487632508,0.8430682617874736
0.09717314487632508,0.8437719915552427
0.09756576364350215,0.8437719915552427
0.09756576364350215,0.8451794510907812
0.10208087946603847,0.8451794510907812
0.10208087946603847,0.8465869106263195
0.10286611700039262,0.8465869106263195
0.10286611700039262,0.8472906403940886
0.10404397330192383,0.8472906403940886
0.10404397330192383,0.8479943701618579
0.10482921083627797,0.8479943701618579
0.10482921083627797,0.8494018296973962
0.10561444837063212,0.8494018296973962
0.10561444837063212,0.8501055594651654
0.10600706713780919,0.8501055594651654
0.10600706713780919,0.8508092892329345
0.10954063604240283,0.8508092892329345
0.10954063604240283,0.8515130190007038
0.1099332548095799,0.8515130190007038
0.1099332548095799,0.8522167487684729
0.11032587357675697,0.8522167487684729
0.11032587357675697,0.8529204785362421
0.11248527679623085,0.8529204785362421
0.11248527679623085,0.8536242083040113
0.113270514330585,0.8536242083040113
0.113270514330585,0.8550316678395496
0.11562622693364742,0.8550316678395496
0.11562622693364742,0.8557353976073188
0.11680408323517864,0.8557353976073188
0.11680408323517864,0.856439127375088
0.11700039261876717,0.856439127375088
0.11700039261876717,0.8571428571428571
0.11719670200235571,0.8571428571428571
0.11719670200235571,0.8578465869106263
0.11739301138594425,0.8578465869106263
0.11739301138594425,0.8585503166783955
0.12053396152336082,0.8585503166783955
0.12053396152336082,0.8599577762139339
0.12092658029053789,0.8599577762139339
0.12092658029053789,0.8613652357494722
0.12230074597565764,0.8613652357494722
0.12230074597565764,0.8620689655172413
0.12269336474283471,0.8620689655172413
0.12269336474283471,0.8634764250527798
0.12406753042795446,0.8634764250527798
0.12406753042795446,0.8641801548205489
0.12446014919513153,0.8641801548205489
0.12446014919513153,0.8648838845883181
0.1276010993325481,0.8648838845883181
0.1276010993325481,0.8655876143560872
0.13231252453867295,0.8655876143560872
0.13231252453867295,0.8662913441238564
0.13466823714173537,0.8662913441238564
0.13466823714173537,0.8669950738916257
0.13525716529250098,0.8669950738916257
0.13525716529250098,0.868402533427164
0.1354534746760895,0.868402533427164
0.1354534746760895,0.8691062631949331
0.13663133097762073,0.8691062631949331
0.13663133097762073,0.8698099929627023
0.1391833529642717,0.8698099929627023
0.1391833529642717,0.8705137227304715
0.1397722811150373,0.8705137227304715
0.1397722811150373,0.8712174524982407
0.1403612092658029,0.8712174524982407
0.1403612092658029,0.8719211822660099
0.14055751864939145,0.8719211822660099
0.14055751864939145,0.872624912033779
0.14075382803297998,0.872624912033779
0.14075382803297998,0.8733286418015482
0.14291323125245387,0.8733286418015482
0.14291323125245387,0.8761435608726249
0.14428739693757361,0.8761435608726249
0.14428739693757361,0.8768472906403941
0.14507263447192775,0.8768472906403941
0.14507263447192775,0.8775510204081632
0.14782096584216725,0.8775510204081632
0.14782096584216725,0.8789584799437016
0.14801727522575578,0.8789584799437016
0.14801727522575578,0.8796622097114708
0.149195131527287,0.8796622097114708
0.149195131527287,0.88036593947924
0.14939144091087553,0.88036593947924
0.14939144091087553,0.8810696692470091
0.15056929721240675,0.8810696692470091
0.15056929721240675,0.8824771287825475
0.1529250098154692,0.8824771287825475
0.1529250098154692,0.8831808585503167
0.15371024734982333,0.8831808585503167
0.15371024734982333,0.8838845883180858
0.16097369454259913,0.8838845883180858
0.16097369454259913,0.884588318085855
0.16332940714566158,0.884588318085855
0.16332940714566158,0.8852920478536243
0.16372202591283863,0.8852920478536243
0.16372202591283863,0.8859957776213934
0.1652925009815469,0.8859957776213934
0.1652925009815469,0.8866995073891626
0.16666666666666666,0.8866995073891626
0.16666666666666666,0.8874032371569317
0.1668629760502552,0.8874032371569317
0.1668629760502552,0.8881069669247009
0.1674519042010208,0.8881069669247009
0.1674519042010208,0.8895144264602393
0.16784452296819788,0.8895144264602393
0.16784452296819788,0.8902181562280085
0.16862976050255202,0.8902181562280085
0.16862976050255202,0.8909218859957776
0.17412642324303101,0.8909218859957776
0.17412642324303101,0.8916256157635468
0.17550058892815076,0.8916256157635468
0.17550058892815076,0.8930330752990852
0.17648213584609343,0.8930330752990852
0.17648213584609343,0.8937368050668544
0.17785630153121318,0.8937368050668544
0.17785630153121318,0.8944405348346235
0.17824892029839026,0.8944405348346235
0.17824892029839026,0.8951442646023927
0.17942677659992148,0.8951442646023927
0.17942677659992148,0.8958479943701618
0.18099725166862976,0.8958479943701618
0.18099725166862976,0.896551724137931
0.1811935610522183,0.896551724137931
0.1811935610522183,0.8972554539057002
0.18197879858657243,0.8972554539057002
0.18197879858657243,0.8979591836734694
0.18217510797016098,0.8979591836734694
0.18217510797016098,0.8986629134412386
0.18296034550451512,0.8986629134412386
0.18296034550451512,0.8993666432090077
0.18413820180604634,0.8993666432090077
0.18413820180604634,0.9007741027445461
0.18669022379269729,0.9007741027445461
0.18669022379269729,0.9014778325123153
0.1872791519434629,0.9014778325123153
0.1872791519434629,0.9021815622800844
0.18845700824499412,0.9021815622800844
0.18845700824499412,0.9028852920478536
0.19042010208087948,0.9028852920478536
0.19042010208087948,0.904292751583392
0.19375736160188456,0.904292751583392
0.19375736160188456,0.9049964813511612
0.19807616804083236,0.9049964813511612
0.19807616804083236,0.9057002111189303
0.20043188064389478,0.9057002111189303
0.20043188064389478,0.9064039408866995
0.201609736945426,0.9064039408866995
0.201609736945426,0.9071076706544687
0.20180604632901453,0.9071076706544687
0.20180604632901453,0.9085151301900071
0.20298390263054575,0.9085151301900071
0.20298390263054575,0.9092188599577762
0.20514330585001964,0.9092188599577762
0.20514330585001964,0.9106263194933145
0.20789163722025913,0.9106263194933145
0.20789163722025913,0.912033779028853
0.20848056537102475,0.912033779028853
0.20848056537102475,0.9127375087966221
0.2088731841382018,0.9127375087966221
0.2088731841382018,0.9134412385643913
0.2122104436592069,0.9134412385643913
0.2122104436592069,0.9141449683321604
0.21319199057714958,0.9141449683321604
0.21319199057714958,0.9148486980999296
0.21574401256380055,0.9148486980999296
0.21574401256380055,0.9155524278676987
0.21594032194738907,0.9155524278676987
0.21594032194738907,0.916256157635468
0.21672555948174324,0.916256157635468
0.21672555948174324,0.9169598874032372
0.22104436592069102,0.9169598874032372
0.22104436592069102,0.9176636171710063
0.22477424420887318,0.9176636171710063
0.22477424420887318,0.9183673469387755
0.22614840989399293,0.9183673469387755
0.22614840989399293,0.9190710767065446
0.2298782881821751,0.9190710767065446
0.2298782881821751,0.9197748064743139
0.23243031016882607,0.9197748064743139
0.23243031016882607,0.9204785362420831
0.2369454259913624,0.9204785362420831
0.2369454259913624,0.9211822660098522
0.237534354142128,0.9211822660098522
0.237534354142128,0.9218859957776214
0.24185316058107578,0.9218859957776214
0.24185316058107578,0.9225897255453905
0.2442088731841382,0.9225897255453905
0.2442088731841382,0.9232934553131598
0.2475461327051433,0.9232934553131598
0.2475461327051433,0.9239971850809289
0.25107970160973697,0.9239971850809289
0.25107970160973697,0.9247009148486981
0.2516686297605025,0.9247009148486981
0.2516686297605025,0.9254046446164673
0.25225755791126814,0.9254046446164673
0.25225755791126814,0.9261083743842364
0.25382803297997647,0.9261083743842364
0.25382803297997647,0.9275158339197748
0.25618374558303886,0.9275158339197748
0.25618374558303886,0.928219563687544
0.2563800549666274,0.928219563687544
0.2563800549666274,0.9289232934553132
0.2606988614055752,0.9289232934553132
0.26109148017275224,0.9289232934553132
0.2634471927758147,0.9289232934553132
0.2634471927758147,0.9296270232230823
0.2683549273655281,0.9296270232230823
0.2683549273655281,0.9303307529908516
0.2689438555162937,0.9303307529908516
0.2689438555162937,0.9310344827586207
0.2707106399685905,0.9310344827586207
0.2707106399685905,0.9317382125263899
0.2736552807224185,0.9317382125263899
0.2736552807224185,0.932441942294159
0.2758146839418924,0.932441942294159
0.2758146839418924,0.9331456720619282
0.2797408716136631,0.9331456720619282
0.2797408716136631,0.9338494018296974
0.2817039654495485,0.9338494018296974
0.2817039654495485,0.9345531315974666
0.2846486062033765,0.9345531315974666
0.2846486062033765,0.9352568613652358
0.2872006281900275,0.9352568613652358
0.2872006281900275,0.9359605911330049
0.287396937573616,0.9359605911330049
0.287396937573616,0.9366643209007741
0.2883784844915587,0.9366643209007741
0.2883784844915587,0.9373680506685432
0.28916372202591284,0.9373680506685432
0.28916372202591284,0.9380717804363125
0.289948959560267,0.9380717804363125
0.289948959560267,0.9387755102040817
0.29328621908127206,0.9387755102040817
0.29328621908127206,0.9394792399718508
0.29367883784844917,0.9394792399718508
0.29367883784844917,0.94018296973962
0.30702787593246955,0.94018296973962
0.30702787593246955,0.9415904292751583
0.31193561052218294,0.9415904292751583
0.31193561052218294,0.9422941590429276
0.3140950137416568,0.9422941590429276
0.3140950137416568,0.9429978888106967
0.3243031016882607,0.9429978888106967
0.3243031016882607,0.9437016185784659
0.3272477424420887,0.9437016185784659
0.3272477424420887,0.944405348346235
0.3276403612092658,0.944405348346235
0.3276403612092658,0.9451090781140042
0.33078131134668237,0.9451090781140042
0.33078131134668237,0.9458128078817734
0.33294071456615626,0.9458128078817734
0.33294071456615626,0.9465165376495426
0.3352964271692187,0.9465165376495426
0.3352964271692187,0.9472202674173118
0.3382410679230467,0.9472202674173118
0.3382410679230467,0.9486277269528501
0.3388299960738123,0.9486277269528501
0.3388299960738123,0.9493314567206192
0.33902630545740087,0.9493314567206192
0.33902630545740087,0.9500351864883885
0.3435414212799372,0.9500351864883885
0.34393404004711425,0.9500351864883885
0.3462897526501767,0.9500351864883885
0.3462897526501767,0.9507389162561576
0.35001963093835886,0.9507389162561576
0.35001963093835886,0.9514426460239268
0.35276796230859836,0.9514426460239268
0.35276796230859836,0.952146375791696
0.353749509226541,0.952146375791696
0.353749509226541,0.9528501055594651
0.3574793875147232,0.9528501055594651
0.3574793875147232,0.9535538353272344
0.3623871221044366,0.9535538353272344
0.3623871221044366,0.9542575650950035
0.36317235963879074,0.9542575650950035
0.36317235963879074,0.9549612948627727
0.37004318806438946,0.9549612948627727
0.37004318806438946,0.9556650246305419
0.37063211621515507,0.9556650246305419
0.37063211621515507,0.956368754398311
0.37279151943462896,0.956368754398311
0.37279151943462896,0.9570724841660803
0.3735767569689831,0.9570724841660803
0.3735767569689831,0.9577762139338494
0.3839811542991755,0.9577762139338494
0.3839811542991755,0.9584799437016186
0.3906556733411857,0.9584799437016186
0.3906556733411857,0.9591836734693877
0.39144091087553984,0.9591836734693877
0.39144091087553984,0.9598874032371569
0.3973301923831959,0.9598874032371569
0.3973301923831959,0.9605911330049262
0.3992932862190813,0.9605911330049262
0.3992932862190813,0.9612948627726953
0.400667451904201,0.9612948627726953
0.400667451904201,0.9619985925404645
0.4010600706713781,0.9619985925404645
0.4010600706713781,0.9634060520760028
0.40694935217903416,0.9634060520760028
0.40694935217903416,0.9641097818437719
0.4106792304672163,0.9641097818437719
0.4106792304672163,0.9648135116115412
0.41303494307027877,0.9648135116115412
0.41303494307027877,0.9655172413793104
0.4144091087553985,0.9655172413793104
0.4144091087553985,0.9662209711470795
0.41813898704358066,0.9662209711470795
0.41813898704358066,0.9669247009148487
0.41872791519434627,0.9669247009148487
0.41872791519434627,0.9676284306826178
0.42854338437377304,0.9676284306826178
0.42854338437377304,0.9683321604503871
0.42913231252453865,0.9683321604503871
0.42913231252453865,0.9690358902181563
0.43031016882606987,0.9690358902181563
0.43031016882606987,0.9697396199859254
0.43109540636042404,0.9697396199859254
0.43109540636042404,0.9704433497536946
0.45838241067923047,0.9704433497536946
0.45838241067923047,0.9711470795214637
0.4658421672555948,0.9711470795214637
0.4658421672555948,0.971850809289233
0.4772281115037299,0.971850809289233
0.4772281115037299,0.9725545390570021
0.48390263054574006,0.9725545390570021
0.48390263054574006,0.9732582688247713
0.4862583431488025,0.9732582688247713
0.4862583431488025,0.9739619985925405
0.4868472712995681,0.9739619985925405
0.4872398900667452,0.9739619985925405
0.4901845308205732,0.9739619985925405
0.4901845308205732,0.9746657283603096
0.49155869650569295,0.9746657283603096
0.49155869650569295,0.9753694581280788
0.49705535924617195,0.9753694581280788
0.49705535924617195,0.976073187895848
0.5045151158225363,0.976073187895848
0.5045151158225363,0.9767769176636172
0.5115822536317236,0.9767769176636172
0.5115822536317236,0.9774806474313863
0.5151158225363173,0.9774806474313863
0.5151158225363173,0.9781843771991555
0.5192383195916764,0.9781843771991555
0.5192383195916764,0.9788881069669247
0.5229681978798587,0.9788881069669247
0.5229681978798587,0.9795918367346939
0.5243423635649784,0.9795918367346939
0.5243423635649784,0.9802955665024631
0.5265017667844523,0.9802955665024631
0.5268943855516294,0.9802955665024631
0.5282685512367491,0.9802955665024631
0.5282685512367491,0.9809992962702322
0.5321947389085199,0.9809992962702322
0.5321947389085199,0.9817030260380014
0.5380840204161759,0.9817030260380014
0.5380840204161759,0.9824067558057706
0.5382803297997645,0.9824067558057706
0.5382803297997645,0.9831104855735397
0.5441696113074205,0.9831104855735397
0.5441696113074205,0.983814215341309
0.558303886925795,0.983814215341309
0.558303886925795,0.9845179451090781
0.5649784059678052,0.9845179451090781
0.5649784059678052,0.9852216748768473
0.5671378091872792,0.9852216748768473
0.5671378091872792,0.9859254046446164
0.5745975657636435,0.9859254046446164
0.5745975657636435,0.9866291344123856
0.5932469572045543,0.9866291344123856
0.5932469572045543,0.9873328641801549
0.6030624263839811,0.9873328641801549
0.6030624263839811,0.988036593947924
0.6109148017275225,0.988036593947924
0.6109148017275225,0.9887403237156932
0.6199450333725952,0.9887403237156932
0.6199450333725952,0.9894440534834623
0.6230859835100118,0.9894440534834623
0.6230859835100118,0.9901477832512315
0.6427169218688653,0.9901477832512315
0.6427169218688653,0.9908515130190007
0.6460541813898705,0.9908515130190007
0.6460541813898705,0.9915552427867699
0.6507656065959952,0.9915552427867699
0.6507656065959952,0.9922589725545391
0.6592069100903023,0.9922589725545391
0.6592069100903023,0.9929627023223082
0.6652925009815469,0.9929627023223082
0.6652925009815469,0.9936664320900774
0.6751079701609737,0.9936664320900774
0.6751079701609737,0.9943701618578465
0.6882606988614056,0.9943701618578465
0.6882606988614056,0.9950738916256158
0.6947389085198272,0.9950738916256158
0.6947389085198272,0.995777621393385
0.7090694935217904,0.995777621393385
0.7090694935217904,0.9964813511611541
0.7106399685904986,0.9964813511611541
0.7106399685904986,0.9971850809289233
0.7455830388692579,0.9971850809289233
0.7455830388692579,0.9978888106966924
0.7577542206517471,0.9978888106966924
0.7577542206517471,0.9985925404644617
0.7616804083235179,0.9985925404644617
0.7616804083235179,0.9992962702322308
0.8107577542206518,0.9992962702322308
0.8107577542206518,1.0
0.8362779740871613,1.0
0.8366705928543384,1.0
0.934040047114252,1.0
0.9344326658814291,1.0
1.0,1.0
